"var1","var2","response","n_contr","Status","Dom"
"T","T",28323870190,100000,"V",NA
"T","01",5244590647,17351,"V",NA
"T","0101",3124585382,9260,"V",NA
"T","0102",2120005265,8091,"V",NA
"T","02",1906294405,8645,"V",NA
"T","03",7626354722,28518,"V",NA
"T","0301",2042898064,8593,"V",NA
"T","0302",2493691175,8481,"V",NA
"T","0303",3089765483,11444,"V",NA
"T","04",2656965799,10801,"V",NA
"T","05",3134339686,9360,"V",NA
"T","06",3116495888,7296,"V",NA
"T","07",4638829043,18029,"V",NA
"T","0701",2242561230,7131,"V",NA
"T","0702",2396267813,10898,"V",NA
"A","T",715362644,2962,"V",NA
"A","01",23076717,152,"V",NA
"A","0101",17266970,115,"V",NA
"A","0102",5809747,37,"V",NA
"A","02",331419583,1417,"V",NA
"A","03",169272133,724,"V",NA
"A","0301",110973835,421,"V",NA
"A","0302",310070,4,"V",NA
"A","0303",57988228,299,"V",NA
"A","04",11467542,37,"D",NA
"A","05",450731,11,"D",NA
"A","06",729635,15,"V",NA
"A","07",178946303,606,"V",NA
"A","0701",49341279,260,"V",NA
"A","0702",129605024,346,"V",NA
"A01","T",269897060,1072,"V",NA
"A01","01",5292076,17,"V",NA
"A01","0101",1712049,2,"B",0
"A01","0102",3580027,15,"D",NA
"A01","02",143741770,632,"V",NA
"A01","03",104635583,363,"V",NA
"A01","0301",104392117,361,"V",NA
"A01","0302",27331,1,"B",0
"A01","0303",216135,1,"B",0
"A01","04",10700159,29,"V",NA
"A01","05",39556,2,"B",0
"A01","06",142658,1,"B",0
"A01","07",5345258,28,"V",NA
"A01","0701",1164107,10,"V",NA
"A01","0702",4181151,18,"V",NA
"A02","T",229110186,1100,"V",NA
"A02","01",17462874,127,"V",NA
"A02","0101",15415834,109,"V",NA
"A02","0102",2047040,18,"V",NA
"A02","02",102513300,391,"V",NA
"A02","03",60035592,320,"V",NA
"A02","0301",2698548,30,"D",NA
"A02","0302",198401,2,"B",0
"A02","0303",57138643,288,"V",NA
"A02","04",14306,1,"B",0
"A02","05",71430,1,"B",0
"A02","06",189333,8,"D",NA
"A02","07",48823351,252,"V",NA
"A02","0701",47164124,238,"V",NA
"A02","0702",1659227,14,"V",NA
"A03","T",216355398,790,"V",NA
"A03","01",321767,8,"V",NA
"A03","0101",139087,4,"D",NA
"A03","0102",182680,4,"D",NA
"A03","02",85164513,394,"V",NA
"A03","03",4600958,41,"V",NA
"A03","0301",3883170,30,"D",NA
"A03","0302",84338,1,"B",0
"A03","0303",633450,10,"D",NA
"A03","04",753077,7,"V",NA
"A03","05",339745,8,"V",NA
"A03","06",397644,6,"V",NA
"A03","07",124777694,326,"V",NA
"A03","0701",1013048,12,"V",NA
"A03","0702",123764646,314,"V",NA
"B","T",1552510177,6237,"V",NA
"B","01",396644768,838,"V",NA
"B","0101",136439117,452,"V",NA
"B","0102",260205651,386,"V",NA
"B","02",14721054,111,"V",NA
"B","03",429419874,1694,"V",NA
"B","0301",136930789,715,"V",NA
"B","0302",98697190,297,"V",NA
"B","0303",193791895,682,"V",NA
"B","04",74249546,471,"V",NA
"B","05",181707408,861,"V",NA
"B","06",105288564,546,"V",NA
"B","07",350478963,1716,"V",NA
"B","0701",143576742,410,"V",NA
"B","0702",206902221,1306,"V",NA
"B05","T",173690490,590,"V",NA
"B05","01",30864090,78,"V",NA
"B05","0101",1048962,11,"V",NA
"B05","0102",29815128,67,"V",NA
"B05","02",1672845,3,"D",NA
"B05","03",24602834,83,"V",NA
"B05","0301",726416,8,"D",NA
"B05","0302",9585627,72,"V",NA
"B05","0303",14290791,3,"B",0
"B05","04",19354568,139,"V",NA
"B05","05",81805,1,"B",0
"B05","06",39033266,211,"V",NA
"B05","07",58081082,75,"V",NA
"B05","0701",48525594,6,"B",0
"B05","0702",9555488,69,"D",NA
"B06","T",376768985,1734,"V",NA
"B06","01",77042,2,"B",0
"B06","0101",7993,1,"B",0
"B06","0102",69049,1,"B",0
"B06","02",34898,1,"B",0
"B06","03",286549701,1099,"V",NA
"B06","0301",87802358,457,"D",NA
"B06","0302",60850311,17,"B",0
"B06","0303",137897032,625,"V",NA
"B06","04",580642,10,"D",NA
"B06","05",5077134,41,"D",NA
"B06","06",12705972,102,"V",NA
"B06","07",71743596,479,"V",NA
"B06","0701",16289,1,"B",0
"B06","0702",71727307,478,"D",NA
"B07","T",606950588,1950,"V",NA
"B07","01",336401422,593,"V",NA
"B07","0101",126508942,357,"V",NA
"B07","0102",209892480,236,"V",NA
"B07","02",9767344,80,"D",NA
"B07","03",47632918,272,"V",NA
"B07","0301",41041791,221,"V",NA
"B07","0302",152117,2,"B",0
"B07","0303",6439010,49,"D",NA
"B07","04",99799,1,"B",0
"B07","05",134527526,641,"V",NA
"B07","06",41300835,145,"V",NA
"B07","07",37220744,218,"V",NA
"B07","0701",1101503,14,"V",NA
"B07","0702",36119241,204,"V",NA
"B08","T",118315581,697,"V",NA
"B08","01",26856048,137,"V",NA
"B08","0101",7679907,66,"V",NA
"B08","0102",19176141,71,"V",NA
"B08","02",606064,4,"V",NA
"B08","03",32876062,223,"V",NA
"B08","0301",6774688,26,"D",NA
"B08","0302",25937009,196,"V",NA
"B08","0303",164365,1,"B",0
"B08","04",11413226,70,"V",NA
"B08","05",11675380,45,"V",NA
"B08","06",3425320,42,"V",NA
"B08","07",31463481,176,"V",NA
"B08","0701",267080,2,"B",0
"B08","0702",31196401,174,"D",NA
"B09","T",276784533,1266,"V",NA
"B09","01",2446166,28,"D",NA
"B09","0101",1193313,17,"D",NA
"B09","0102",1252853,11,"D",NA
"B09","02",2639903,23,"D",NA
"B09","03",37758359,17,"V",NA
"B09","0301",585536,3,"B",0
"B09","0302",2172126,10,"V",NA
"B09","0303",35000697,4,"B",0
"B09","04",42801311,251,"V",NA
"B09","05",30345563,133,"V",NA
"B09","06",8823171,46,"V",NA
"B09","07",151970060,768,"V",NA
"B09","0701",93666276,387,"V",NA
"B09","0702",58303784,381,"V",NA
"C","T",7399574706,26480,"V",NA
"C","01",1593867516,4949,"V",NA
"C","0101",1085744806,3154,"V",NA
"C","0102",508122710,1795,"V",NA
"C","02",365757141,1404,"V",NA
"C","03",1814267820,6927,"V",NA
"C","0301",310691208,1545,"V",NA
"C","0302",725158254,2956,"V",NA
"C","0303",778418358,2426,"V",NA
"C","04",905548142,3335,"V",NA
"C","05",712855490,2818,"V",NA
"C","06",873263574,2607,"V",NA
"C","07",1134015023,4440,"V",NA
"C","0701",300438330,1524,"V",NA
"C","0702",833576693,2916,"V",NA
"C10","T",264449561,859,"V",NA
"C10","01",36207128,128,"V",NA
"C10","0101",75128,4,"V",NA
"C10","0102",36132000,124,"V",NA
"C10","02",2626339,7,"V",NA
"C10","03",899330,18,"V",NA
"C10","0301",79536,4,"D",NA
"C10","0302",23968,1,"B",0
"C10","0303",795826,13,"V",NA
"C10","04",96331920,496,"V",NA
"C10","05",3686143,14,"V",NA
"C10","06",113425118,148,"V",NA
"C10","07",11273583,48,"V",NA
"C10","0701",2459023,26,"V",NA
"C10","0702",8814560,22,"V",NA
"C11","T",981181036,2117,"V",NA
"C11","01",472134330,704,"V",NA
"C11","0101",453949852,609,"V",NA
"C11","0102",18184478,95,"V",NA
"C11","02",296325,1,"B",0
"C11","03",71550788,335,"V",NA
"C11","0301",4279370,20,"D",NA
"C11","0302",67268834,314,"V",NA
"C11","0303",2584,1,"B",0
"C11","04",36208934,193,"V",NA
"C11","05",44043000,234,"V",NA
"C11","06",11507394,23,"D",NA
"C11","07",345440265,627,"V",NA
"C11","0701",1170876,16,"V",NA
"C11","0702",344269389,611,"V",NA
"C12","T",163317921,564,"V",NA
"C12","01",17942005,36,"V",NA
"C12","0101",2749294,28,"D",NA
"C12","0102",15192711,8,"B",0
"C12","02",118277,3,"D",NA
"C12","03",42274789,157,"V",NA
"C12","0301",29296464,145,"V",NA
"C12","0302",9532,1,"B",0
"C12","0303",12968793,11,"D",NA
"C12","04",37405,1,"B",0
"C12","05",5772470,22,"V",NA
"C12","06",15292701,73,"V",NA
"C12","07",81880274,272,"V",NA
"C12","0701",76250846,254,"V",NA
"C12","0702",5629428,18,"V",NA
"C13","T",164311594,558,"V",NA
"C13","01",29110961,173,"V",NA
"C13","0101",3650576,32,"V",NA
"C13","0102",25460385,141,"V",NA
"C13","02",29138578,166,"V",NA
"C13","03",4540048,11,"V",NA
"C13","0301",939270,9,"V",NA
"C13","0302",2738690,1,"B",0
"C13","0303",862088,1,"B",0
"C13","04",29711,1,"B",0
"C13","05",78428977,55,"V",NA
"C13","06",20884531,118,"V",NA
"C13","07",2178788,34,"D",NA
"C13","0701",1739077,26,"V",NA
"C13","0702",439711,8,"D",NA
"C14","T",29581806,219,"V",NA
"C14","01",8957874,76,"V",NA
"C14","0101",8946553,75,"D",NA
"C14","0102",11321,1,"B",0
"C14","02",2915322,38,"V",NA
"C14","03",2136508,26,"V",NA
"C14","0301",237,1,"B",0
"C14","0302",54061,1,"B",0
"C14","0303",2082210,24,"V",NA
"C14","04",357752,2,"B",0
"C14","05",714624,2,"B",0
"C14","06",14391652,73,"V",NA
"C14","07",108074,2,"B",0
"C14","0701",2998,1,"B",0
"C14","0702",105076,1,"B",0
"C15","T",239864155,1024,"V",NA
"C15","01",42752590,149,"V",NA
"C15","0101",42069596,143,"V",NA
"C15","0102",682994,6,"V",NA
"C15","02",90424195,562,"V",NA
"C15","03",47294950,170,"V",NA
"C15","0301",332618,1,"B",0
"C15","0302",44664431,142,"V",NA
"C15","0303",2297901,27,"D",NA
"C15","04",2760411,18,"D",NA
"C15","05",35046302,50,"V",NA
"C15","06",1079182,4,"B",0
"C15","07",20506525,71,"V",NA
"C15","0701",3360834,18,"V",NA
"C15","0702",17145691,53,"V",NA
"C16","T",271667211,848,"V",NA
"C16","01",46940549,30,"B",0
"C16","0101",23135,1,"B",0
"C16","0102",46917414,29,"B",0
"C16","02",147792,2,"B",0
"C16","03",175937914,586,"V",NA
"C16","0301",10559890,79,"V",NA
"C16","0302",489036,3,"V",NA
"C16","0303",164888988,504,"V",NA
"C16","04",288111,1,"B",0
"C16","05",43391412,199,"V",NA
"C16","06",250106,4,"V",NA
"C16","07",4711327,26,"V",NA
"C16","0701",2556147,9,"V",NA
"C16","0702",2155180,17,"V",NA
"C17","T",212343441,1114,"V",NA
"C17","01",119484974,690,"V",NA
"C17","0101",79796566,420,"V",NA
"C17","0102",39688408,270,"V",NA
"C17","02",375145,3,"D",NA
"C17","03",7713168,54,"V",NA
"C17","0301",159080,3,"V",NA
"C17","0302",4830787,37,"V",NA
"C17","0303",2723301,14,"V",NA
"C17","04",512066,8,"V",NA
"C17","05",984261,8,"V",NA
"C17","06",16301,1,"B",0
"C17","07",83257526,350,"V",NA
"C17","0701",82743006,348,"D",NA
"C17","0702",514520,2,"B",0
"C18","T",804008473,2499,"V",NA
"C18","01",575067,7,"V",NA
"C18","0101",2352,1,"B",0
"C18","0102",572715,6,"D",NA
"C18","02",195902133,349,"V",NA
"C18","03",241916053,714,"V",NA
"C18","0301",75211135,117,"D",NA
"C18","0302",22007,1,"B",0
"C18","0303",166682911,596,"V",NA
"C18","04",248876228,644,"V",NA
"C18","05",75440407,503,"V",NA
"C18","06",31235334,220,"V",NA
"C18","07",10063251,62,"V",NA
"C18","0701",6535578,53,"V",NA
"C18","0702",3527673,9,"V",NA
"C19","T",348020205,1561,"V",NA
"C19","01",9555674,100,"V",NA
"C19","0101",211364,3,"V",NA
"C19","0102",9344310,97,"V",NA
"C19","02",11723574,82,"V",NA
"C19","03",105442676,562,"V",NA
"C19","0301",9820243,39,"D",NA
"C19","0302",95542114,521,"V",NA
"C19","0303",80319,2,"B",0
"C19","04",23925545,110,"V",NA
"C19","05",4764237,64,"V",NA
"C19","06",5025718,38,"V",NA
"C19","07",187582781,605,"V",NA
"C19","0701",4900272,51,"V",NA
"C19","0702",182682509,554,"V",NA
"C20","T",57772475,348,"V",NA
"C20","01",10474246,34,"V",NA
"C20","0101",2388297,6,"B",0
"C20","0102",8085949,28,"D",NA
"C20","02",56284,2,"B",0
"C20","03",5965598,45,"V",NA
"C20","0301",68871,1,"B",0
"C20","0302",1232722,9,"D",NA
"C20","0303",4664005,35,"V",NA
"C20","04",3808223,21,"D",NA
"C20","05",20542237,171,"V",NA
"C20","06",2753904,6,"V",NA
"C20","07",14171983,69,"V",NA
"C20","0701",14160306,68,"D",NA
"C20","0702",11677,1,"B",0
"C21","T",406272727,1155,"V",NA
"C21","01",114825885,335,"V",NA
"C21","0101",114571762,333,"D",NA
"C21","0102",254123,2,"B",0
"C21","02",14299248,73,"V",NA
"C21","03",64334148,202,"V",NA
"C21","0301",26434654,131,"V",NA
"C21","0302",35921208,65,"V",NA
"C21","0303",1978286,6,"V",NA
"C21","04",9879280,61,"V",NA
"C21","05",19632348,114,"V",NA
"C21","06",156266891,230,"V",NA
"C21","07",27034927,140,"V",NA
"C21","0701",26593716,138,"D",NA
"C21","0702",441211,2,"B",0
"C22","T",364160323,1237,"V",NA
"C22","01",26333175,154,"V",NA
"C22","0101",26229859,152,"D",NA
"C22","0102",103316,2,"B",0
"C22","02",576068,2,"B",0
"C22","03",36986705,228,"V",NA
"C22","0301",13903333,115,"V",NA
"C22","0302",15303892,68,"V",NA
"C22","0303",7779480,45,"V",NA
"C22","04",52076,2,"B",0
"C22","05",262513,5,"V",NA
"C22","06",260051766,623,"V",NA
"C22","07",39898020,223,"V",NA
"C22","0701",39247475,218,"V",NA
"C22","0702",650545,5,"V",NA
"C23","T",341489493,1468,"V",NA
"C23","01",20581701,43,"V",NA
"C23","0101",68813,3,"B",0
"C23","0102",20512888,40,"D",NA
"C23","02",135298,3,"V",NA
"C23","03",141485603,531,"V",NA
"C23","0301",844760,6,"D",NA
"C23","0302",140594739,523,"V",NA
"C23","0303",46104,2,"B",0
"C23","04",12096460,60,"V",NA
"C23","05",91227566,509,"V",NA
"C23","06",52371690,178,"V",NA
"C23","07",23591175,144,"V",NA
"C23","0701",1296058,8,"V",NA
"C23","0702",22295117,136,"V",NA
"C24","T",418892120,1304,"V",NA
"C24","01",38176615,161,"V",NA
"C24","0101",1798399,33,"V",NA
"C24","0102",36378216,128,"V",NA
"C24","02",390786,3,"B",0
"C24","03",213695630,702,"V",NA
"C24","0301",42971351,222,"D",NA
"C24","0302",75118713,471,"V",NA
"C24","0303",95605566,9,"B",0
"C24","04",154600109,401,"V",NA
"C24","05",131649,3,"V",NA
"C24","06",43846,1,"B",0
"C24","07",11853485,33,"V",NA
"C24","0701",2563179,18,"V",NA
"C24","0702",9290306,15,"V",NA
"C25","T",44377115,299,"V",NA
"C25","01",22501979,154,"V",NA
"C25","0101",46123,1,"B",0
"C25","0102",22455856,153,"D",NA
"C25","02",130446,1,"B",0
"C25","03",1452352,16,"V",NA
"C25","0301",97747,1,"B",0
"C25","0302",263422,3,"D",NA
"C25","0303",1091183,12,"V",NA
"C25","04",1561681,17,"V",NA
"C25","05",246614,7,"V",NA
"C25","06",235071,2,"B",0
"C25","07",18248972,102,"V",NA
"C25","0701",116760,5,"V",NA
"C25","0702",18132212,97,"V",NA
"C26","T",114047214,466,"V",NA
"C26","01",711387,9,"V",NA
"C26","0101",531474,7,"D",NA
"C26","0102",179913,2,"B",0
"C26","02",86466,2,"B",0
"C26","03",97333269,362,"V",NA
"C26","0301",28461590,178,"V",NA
"C26","0302",9315405,33,"V",NA
"C26","0303",59556274,151,"V",NA
"C26","04",394367,8,"V",NA
"C26","05",57014,1,"B",0
"C26","06",504362,5,"V",NA
"C26","07",14960349,79,"V",NA
"C26","0701",12998190,77,"D",NA
"C26","0702",1962159,2,"B",0
"C27","T",179224652,703,"V",NA
"C27","01",126392205,417,"V",NA
"C27","0101",100604949,394,"V",NA
"C27","0102",25787256,23,"V",NA
"C27","02",5700845,41,"V",NA
"C27","03",35342204,161,"V",NA
"C27","0301",4006,1,"B",0
"C27","0302",35243918,157,"V",NA
"C27","0303",94280,3,"D",NA
"C27","04",147413,1,"B",0
"C27","05",7922389,68,"V",NA
"C27","06",127828,2,"B",0
"C27","07",3591768,13,"V",NA
"C27","0701",318152,1,"B",0
"C27","0702",3273616,12,"D",NA
"C28","T",380678946,1753,"V",NA
"C28","01",135141224,479,"V",NA
"C28","0101",124735310,435,"V",NA
"C28","0102",10405914,44,"V",NA
"C28","02",1475880,5,"B",0
"C28","03",137416402,661,"V",NA
"C28","0301",4992946,27,"V",NA
"C28","0302",2458323,14,"V",NA
"C28","0303",129965133,620,"V",NA
"C28","04",482556,8,"D",NA
"C28","05",24780590,127,"V",NA
"C28","06",18007189,93,"V",NA
"C28","07",63375105,380,"V",NA
"C28","0701",293314,6,"V",NA
"C28","0702",63081791,374,"V",NA
"C29","T",368908064,1540,"V",NA
"C29","01",14545601,92,"V",NA
"C29","0101",7556440,41,"V",NA
"C29","0102",6989161,51,"V",NA
"C29","02",5783292,31,"V",NA
"C29","03",145850910,456,"V",NA
"C29","0301",191783,4,"V",NA
"C29","0302",128429355,390,"V",NA
"C29","0303",17229772,62,"V",NA
"C29","04",28758092,163,"V",NA
"C29","05",1078728,6,"V",NA
"C29","06",164552032,706,"V",NA
"C29","07",8339409,86,"V",NA
"C29","0701",8267784,82,"V",NA
"C29","0702",71625,4,"V",NA
"C30","T",92576019,337,"V",NA
"C30","01",42834,2,"B",0
"C30","0101",37103,1,"B",0
"C30","0102",5731,1,"B",0
"C30","02",981613,3,"B",0
"C30","03",78269598,255,"V",NA
"C30","0301",34686741,226,"V",NA
"C30","0302",36331855,15,"B",0
"C30","0303",7251002,14,"D",NA
"C30","04",9711576,31,"V",NA
"C30","05",1002760,19,"V",NA
"C30","06",158013,1,"B",0
"C30","07",2409625,26,"V",NA
"C30","0701",2398920,25,"D",NA
"C30","0702",10705,1,"B",0
"C31","T",237322914,981,"V",NA
"C31","01",136197500,341,"V",NA
"C31","0101",41528816,53,"V",NA
"C31","0102",94668684,288,"V",NA
"C31","02",2247120,16,"V",NA
"C31","03",20518925,68,"V",NA
"C31","0301",2961161,1,"B",0
"C31","0302",1530120,8,"D",NA
"C31","0303",16027644,59,"V",NA
"C31","04",25293,1,"B",0
"C31","05",55470,2,"B",0
"C31","06",912701,11,"V",NA
"C31","07",77365905,542,"V",NA
"C31","0701",58456,2,"B",0
"C31","0702",77307449,540,"D",NA
"C32","T",546764235,1747,"V",NA
"C32","01",85909998,227,"V",NA
"C32","0101",64386,1,"B",0
"C32","0102",85845612,226,"D",NA
"C32","02",137426,7,"V",NA
"C32","03",100704466,332,"V",NA
"C32","0301",415511,5,"V",NA
"C32","0302",23576048,164,"V",NA
"C32","0303",76712907,163,"V",NA
"C32","04",101855906,493,"V",NA
"C32","05",240922853,570,"V",NA
"C32","06",3204340,39,"V",NA
"C32","07",14029246,79,"V",NA
"C32","0701",9495923,60,"V",NA
"C32","0702",4533323,19,"V",NA
"C33","T",368343006,1779,"V",NA
"C33","01",78372014,408,"V",NA
"C33","0101",74108659,378,"V",NA
"C33","0102",4263355,30,"V",NA
"C33","02",88689,2,"B",0
"C33","03",35205786,275,"V",NA
"C33","0301",23978911,209,"V",NA
"C33","0302",4195074,14,"V",NA
"C33","0303",7031801,52,"V",NA
"C33","04",172847027,594,"V",NA
"C33","05",12720926,65,"V",NA
"C33","06",965904,8,"D",NA
"C33","07",68142660,427,"V",NA
"C33","0701",911440,14,"V",NA
"C33","0702",67231220,413,"V",NA
"D","T",1195615207,3524,"V",NA
"D","01",56742854,353,"V",NA
"D","0101",7453361,73,"V",NA
"D","0102",49289493,280,"V",NA
"D","02",173161705,872,"V",NA
"D","03",31484540,167,"V",NA
"D","0301",9301561,46,"V",NA
"D","0302",9356822,73,"V",NA
"D","0303",12826157,48,"V",NA
"D","04",70413317,410,"V",NA
"D","05",6268902,60,"V",NA
"D","06",22610541,196,"V",NA
"D","07",834933348,1466,"V",NA
"D","0701",671743014,552,"V",NA
"D","0702",163190334,914,"V",NA
"D351","T",170683800,1004,"V",NA
"D351","01",52242991,325,"V",NA
"D351","0101",6275557,62,"V",NA
"D351","0102",45967434,263,"V",NA
"D351","02",66122997,301,"V",NA
"D351","03",1054559,12,"V",NA
"D351","0301",140404,2,"B",0
"D351","0302",205152,1,"B",0
"D351","0303",709003,9,"D",NA
"D351","04",1481276,13,"V",NA
"D351","05",78652,2,"B",0
"D351","06",90943,1,"B",0
"D351","07",49612382,350,"V",NA
"D351","0701",44508888,332,"V",NA
"D351","0702",5103494,18,"V",NA
"D352","T",937890204,1939,"V",NA
"D352","01",2387679,26,"D",NA
"D352","0101",1155719,10,"D",NA
"D352","0102",1231960,16,"D",NA
"D352","02",99862572,513,"V",NA
"D352","03",19172247,66,"V",NA
"D352","0301",6373786,25,"D",NA
"D352","0302",840915,3,"B",0
"D352","0303",11957546,38,"V",NA
"D352","04",61415172,322,"V",NA
"D352","05",5678238,49,"D",NA
"D352","06",21013708,176,"V",NA
"D352","07",728360588,787,"V",NA
"D352","0701",627173798,217,"V",NA
"D352","0702",101186790,570,"V",NA
"D353","T",87041203,581,"V",NA
"D353","01",2112184,2,"B",0
"D353","0101",22085,1,"B",0
"D353","0102",2090099,1,"B",0
"D353","02",7176136,58,"V",NA
"D353","03",11257734,89,"V",NA
"D353","0301",2787371,19,"D",NA
"D353","0302",8310755,69,"V",NA
"D353","0303",159608,1,"B",0
"D353","04",7516869,75,"V",NA
"D353","05",512012,9,"V",NA
"D353","06",1505890,19,"D",NA
"D353","07",56960378,329,"V",NA
"D353","0701",60328,3,"V",NA
"D353","0702",56900050,326,"V",NA
"E","T",1150433153,4857,"V",NA
"E","01",229234985,1054,"V",NA
"E","0101",152049173,661,"V",NA
"E","0102",77185812,393,"V",NA
"E","02",32854054,169,"V",NA
"E","03",468490758,1689,"V",NA
"E","0301",288421648,1081,"V",NA
"E","0302",39089923,110,"V",NA
"E","0303",140979187,498,"V",NA
"E","04",10174480,92,"V",NA
"E","05",124459314,631,"V",NA
"E","06",33631449,88,"V",NA
"E","07",251588113,1134,"V",NA
"E","0701",230473849,1017,"V",NA
"E","0702",21114264,117,"V",NA
"E36","T",270100627,1067,"V",NA
"E36","01",208627355,907,"V",NA
"E36","0101",141051963,575,"V",NA
"E36","0102",67575392,332,"V",NA
"E36","02",1524,1,"B",0
"E36","03",51876692,110,"V",NA
"E36","0301",18759661,8,"B",0
"E36","0302",143661,1,"B",0
"E36","0303",32973370,101,"V",NA
"E36","04",2695734,19,"V",NA
"E36","05",375526,6,"V",NA
"E36","06",759529,1,"B",0
"E36","07",5764267,23,"V",NA
"E36","0701",5584112,22,"D",NA
"E36","0702",180155,1,"B",0
"E37","T",219936840,871,"V",NA
"E37","01",11720572,59,"V",NA
"E37","0101",5226340,40,"V",NA
"E37","0102",6494232,19,"V",NA
"E37","02",24730380,141,"V",NA
"E37","03",80059943,270,"V",NA
"E37","0301",26791,1,"B",0
"E37","0302",62259,3,"D",NA
"E37","0303",79970893,266,"V",NA
"E37","04",111341,1,"B",0
"E37","05",81244693,381,"V",NA
"E37","06",12608692,6,"B",0
"E37","07",9461219,13,"V",NA
"E37","0701",122907,1,"B",0
"E37","0702",9338312,12,"D",NA
"E38","T",320677677,1433,"V",NA
"E38","01",1007172,15,"V",NA
"E38","0101",180480,3,"V",NA
"E38","0102",826692,12,"V",NA
"E38","02",3590543,23,"V",NA
"E38","03",202271190,760,"V",NA
"E38","0301",158688401,581,"V",NA
"E38","0302",31248953,65,"V",NA
"E38","0303",12333836,114,"V",NA
"E38","04",2658268,19,"D",NA
"E38","05",4773154,39,"V",NA
"E38","06",1316,1,"B",0
"E38","07",106376034,576,"V",NA
"E38","0701",95291515,479,"V",NA
"E38","0702",11084519,97,"V",NA
"E39","T",339718009,1486,"V",NA
"E39","01",7879886,73,"V",NA
"E39","0101",5590390,43,"V",NA
"E39","0102",2289496,30,"V",NA
"E39","02",4531607,4,"B",0
"E39","03",134282933,549,"V",NA
"E39","0301",110946795,491,"V",NA
"E39","0302",7635050,41,"V",NA
"E39","0303",15701088,17,"V",NA
"E39","04",4709137,53,"D",NA
"E39","05",38065941,205,"V",NA
"E39","06",20261912,80,"V",NA
"E39","07",129986593,522,"V",NA
"E39","0701",129475315,515,"V",NA
"E39","0702",511278,7,"V",NA
"F","T",1105716267,4787,"V",NA
"F","01",103308679,493,"V",NA
"F","0101",60857944,207,"V",NA
"F","0102",42450735,286,"V",NA
"F","02",169081710,563,"V",NA
"F","03",144653160,723,"V",NA
"F","0301",84443932,345,"V",NA
"F","0302",3408724,16,"V",NA
"F","0303",56800504,362,"V",NA
"F","04",180355813,758,"V",NA
"F","05",156415041,717,"V",NA
"F","06",72616689,283,"V",NA
"F","07",279285175,1250,"V",NA
"F","0701",18249633,66,"V",NA
"F","0702",261035542,1184,"V",NA
"F41","T",489956827,2092,"V",NA
"F41","01",9980839,80,"V",NA
"F41","0101",893142,9,"V",NA
"F41","0102",9087697,71,"V",NA
"F41","02",97064064,235,"V",NA
"F41","03",36614736,213,"V",NA
"F41","0301",33301411,200,"V",NA
"F41","0302",3265219,11,"D",NA
"F41","0303",48106,2,"B",0
"F41","04",55659564,279,"V",NA
"F41","05",127483354,547,"V",NA
"F41","06",28313716,56,"V",NA
"F41","07",134840554,682,"V",NA
"F41","0701",13347083,59,"V",NA
"F41","0702",121493471,623,"V",NA
"F42","T",278922914,1390,"V",NA
"F42","01",36659721,215,"V",NA
"F42","0101",3300482,1,"B",0
"F42","0102",33359239,214,"D",NA
"F42","02",53242439,250,"V",NA
"F42","03",107428341,499,"V",NA
"F42","0301",51015442,143,"D",NA
"F42","0302",76455,1,"B",0
"F42","0303",56336444,355,"V",NA
"F42","04",23000898,113,"V",NA
"F42","05",14387756,81,"V",NA
"F42","06",43689384,224,"V",NA
"F42","07",514375,8,"V",NA
"F42","0701",199526,3,"D",NA
"F42","0702",314849,5,"D",NA
"F43","T",336836526,1305,"V",NA
"F43","01",56668119,198,"V",NA
"F43","0101",56664320,197,"D",NA
"F43","0102",3799,1,"B",0
"F43","02",18775207,78,"V",NA
"F43","03",610083,11,"V",NA
"F43","0301",127079,2,"B",0
"F43","0302",67050,4,"V",NA
"F43","0303",415954,5,"D",NA
"F43","04",101695351,366,"V",NA
"F43","05",14543931,89,"V",NA
"F43","06",613589,3,"V",NA
"F43","07",143930246,560,"V",NA
"F43","0701",4703024,4,"B",0
"F43","0702",139227222,556,"D",NA
"G","T",848233773,3278,"V",NA
"G","01",171433881,417,"V",NA
"G","0101",149549147,334,"V",NA
"G","0102",21884734,83,"V",NA
"G","02",60115556,190,"V",NA
"G","03",228303852,872,"V",NA
"G","0301",40248801,151,"V",NA
"G","0302",45261311,332,"V",NA
"G","0303",142793740,389,"V",NA
"G","04",235033086,852,"V",NA
"G","05",9353295,69,"V",NA
"G","06",8914875,26,"V",NA
"G","07",135079228,852,"V",NA
"G","0701",47496736,337,"V",NA
"G","0702",87582492,515,"V",NA
"G45","T",219187444,901,"V",NA
"G45","01",4169678,41,"V",NA
"G45","0101",4167947,40,"D",NA
"G45","0102",1731,1,"B",0
"G45","02",136367,2,"B",0
"G45","03",21045005,201,"V",NA
"G45","0301",46696,1,"B",0
"G45","0302",20952437,199,"V",NA
"G45","0303",45872,1,"B",0
"G45","04",172740577,555,"V",NA
"G45","05",2432339,17,"V",NA
"G45","06",143077,3,"D",NA
"G45","07",18520401,82,"V",NA
"G45","0701",17384435,70,"V",NA
"G45","0702",1135966,12,"V",NA
"G46","T",366313798,1500,"V",NA
"G46","01",6687244,30,"V",NA
"G46","0101",119520,3,"D",NA
"G46","0102",6567724,27,"D",NA
"G46","02",57730851,173,"V",NA
"G46","03",157556563,462,"V",NA
"G46","0301",843366,5,"D",NA
"G46","0302",13973952,70,"D",NA
"G46","0303",142739245,387,"V",NA
"G46","04",27379677,62,"V",NA
"G46","05",2613344,26,"D",NA
"G46","06",103415,1,"B",0
"G46","07",114242704,746,"V",NA
"G46","0701",29808917,260,"V",NA
"G46","0702",84433787,486,"V",NA
"G47","T",262732531,877,"V",NA
"G47","01",160576959,346,"V",NA
"G47","0101",145261680,291,"V",NA
"G47","0102",15315279,55,"V",NA
"G47","02",2248338,15,"D",NA
"G47","03",49702284,209,"V",NA
"G47","0301",39358739,145,"V",NA
"G47","0302",10334922,63,"D",NA
"G47","0303",8623,1,"B",0
"G47","04",34912832,235,"V",NA
"G47","05",4307612,26,"D",NA
"G47","06",8668383,22,"V",NA
"G47","07",2316123,24,"V",NA
"G47","0701",303384,7,"V",NA
"G47","0702",2012739,17,"V",NA
"H","T",2162937224,5237,"V",NA
"H","01",274414591,1244,"V",NA
"H","0101",162258835,585,"V",NA
"H","0102",112155756,659,"V",NA
"H","02",20977554,112,"V",NA
"H","03",491242478,1374,"V",NA
"H","0301",46526144,288,"V",NA
"H","0302",342441693,718,"V",NA
"H","0303",102274641,368,"V",NA
"H","04",136896910,553,"V",NA
"H","05",975305258,1027,"V",NA
"H","06",201671223,527,"V",NA
"H","07",62429210,400,"V",NA
"H","0701",38254452,224,"V",NA
"H","0702",24174758,176,"V",NA
"H49","T",497540330,1797,"V",NA
"H49","01",68676709,167,"V",NA
"H49","0101",65263165,141,"V",NA
"H49","0102",3413544,26,"V",NA
"H49","02",1613,1,"B",0
"H49","03",175609570,738,"V",NA
"H49","0301",43036004,264,"V",NA
"H49","0302",73260292,274,"V",NA
"H49","0303",59313274,200,"V",NA
"H49","04",130249978,502,"V",NA
"H49","05",87431132,342,"V",NA
"H49","06",18540287,9,"B",0
"H49","07",17031041,38,"V",NA
"H49","0701",16679246,35,"V",NA
"H49","0702",351795,3,"V",NA
"H50","T",935372663,946,"V",NA
"H50","01",439327,10,"V",NA
"H50","0101",5566,1,"B",0
"H50","0102",433761,9,"D",NA
"H50","02",9488912,63,"V",NA
"H50","03",10958750,40,"V",NA
"H50","0301",962032,7,"D",NA
"H50","0302",9818585,31,"V",NA
"H50","0303",178133,2,"B",0
"H50","04",5136033,31,"D",NA
"H50","05",886244665,657,"V",NA
"H50","06",6000125,4,"B",0
"H50","07",17104851,141,"V",NA
"H50","0701",17104851,141,"V",NA
"H51","T",65866158,379,"V",NA
"H51","01",7600821,41,"V",NA
"H51","0101",366923,2,"B",0
"H51","0102",7233898,39,"D",NA
"H51","02",776300,2,"B",0
"H51","03",36464607,174,"V",NA
"H51","0301",915466,6,"V",NA
"H51","0302",34181635,142,"V",NA
"H51","0303",1367506,26,"V",NA
"H51","04",345415,5,"V",NA
"H51","05",1506218,26,"V",NA
"H51","06",597707,3,"D",NA
"H51","07",18575090,128,"V",NA
"H51","0701",2547605,24,"V",NA
"H51","0702",16027485,104,"V",NA
"H52","T",416136411,1175,"V",NA
"H52","01",167460382,775,"V",NA
"H52","0101",95590685,439,"V",NA
"H52","0102",71869697,336,"V",NA
"H52","02",721719,3,"B",0
"H52","03",242057144,341,"V",NA
"H52","0301",46727,2,"B",0
"H52","0302",200699775,200,"V",NA
"H52","0303",41310642,139,"D",NA
"H52","04",1024687,13,"V",NA
"H52","05",78805,1,"B",0
"H52","06",1393666,24,"V",NA
"H52","07",3400008,18,"V",NA
"H52","0701",21359,1,"B",0
"H52","0702",3378649,17,"D",NA
"H53","T",248021662,940,"V",NA
"H53","01",30237352,251,"V",NA
"H53","0101",1032496,2,"B",0
"H53","0102",29204856,249,"D",NA
"H53","02",9989010,43,"V",NA
"H53","03",26152407,81,"V",NA
"H53","0301",1565915,9,"D",NA
"H53","0302",24481406,71,"V",NA
"H53","0303",105086,1,"B",0
"H53","04",140797,2,"B",0
"H53","05",44438,1,"B",0
"H53","06",175139438,487,"V",NA
"H53","07",6318220,75,"V",NA
"H53","0701",1901391,23,"D",NA
"H53","0702",4416829,52,"D",NA
"I","T",1748230100,3344,"V",NA
"I","01",317761768,1191,"V",NA
"I","0101",4351538,35,"V",NA
"I","0102",313410230,1156,"V",NA
"I","02",72677805,493,"V",NA
"I","03",212624608,1003,"V",NA
"I","0301",139892,3,"V",NA
"I","0302",115878210,503,"V",NA
"I","0303",96606506,497,"V",NA
"I","04",55331731,258,"D",NA
"I","05",574762,1,"B",0
"I","06",1066964447,281,"V",NA
"I","07",22294979,117,"V",NA
"I","0701",13882750,40,"V",NA
"I","0702",8412229,77,"V",NA
"I55","T",249690981,1222,"V",NA
"I55","01",144041961,636,"V",NA
"I55","0101",2298730,11,"V",NA
"I55","0102",141743231,625,"V",NA
"I55","02",56015,1,"B",0
"I55","03",82087519,391,"V",NA
"I55","0301",130717,2,"B",0
"I55","0302",46517320,265,"V",NA
"I55","0303",35439482,124,"D",NA
"I55","04",9149471,48,"D",NA
"I55","05",574762,1,"B",0
"I55","06",12554608,126,"D",NA
"I55","07",1226645,19,"V",NA
"I55","0701",1091857,18,"D",NA
"I55","0702",134788,1,"B",0
"I56","T",1498539119,2122,"V",NA
"I56","01",173719807,555,"V",NA
"I56","0101",2052808,24,"V",NA
"I56","0102",171666999,531,"V",NA
"I56","02",72621790,492,"D",NA
"I56","03",130537089,612,"V",NA
"I56","0301",9175,1,"B",0
"I56","0302",69360890,238,"V",NA
"I56","0303",61167024,373,"D",NA
"I56","04",46182260,210,"V",NA
"I56","06",1054409839,155,"B",0
"I56","07",21068334,98,"V",NA
"I56","0701",12790893,22,"D",NA
"I56","0702",8277441,76,"D",NA
"J","T",1743332438,6915,"V",NA
"J","01",77138271,326,"V",NA
"J","0101",50939712,231,"V",NA
"J","0102",26198559,95,"V",NA
"J","02",102786466,492,"V",NA
"J","03",851197147,3552,"V",NA
"J","0301",187013405,1121,"V",NA
"J","0302",291534149,1134,"V",NA
"J","0303",372649593,1297,"V",NA
"J","04",203799821,788,"V",NA
"J","05",112442648,170,"V",NA
"J","06",30150981,179,"V",NA
"J","07",365817104,1408,"V",NA
"J","0701",212066923,749,"V",NA
"J","0702",153750181,659,"V",NA
"J58","T",112370964,515,"V",NA
"J58","01",24130673,75,"V",NA
"J58","0101",124572,2,"B",0
"J58","0102",24006101,73,"D",NA
"J58","02",62316314,302,"V",NA
"J58","03",11103849,23,"V",NA
"J58","0301",2081654,9,"V",NA
"J58","0302",8679005,13,"D",NA
"J58","0303",343190,1,"B",0
"J58","04",13099573,100,"V",NA
"J58","05",1536640,12,"V",NA
"J58","06",27954,1,"B",0
"J58","07",155961,2,"B",0
"J58","0701",10099,1,"B",0
"J58","0702",145862,1,"B",0
"J59","T",242410374,1146,"V",NA
"J59","01",24737215,54,"V",NA
"J59","0101",24348569,53,"D",NA
"J59","0102",388646,1,"B",0
"J59","02",73254,3,"D",NA
"J59","03",181291377,997,"V",NA
"J59","0301",26356312,146,"V",NA
"J59","0302",97829103,594,"V",NA
"J59","0303",57105962,257,"V",NA
"J59","04",21411348,18,"V",NA
"J59","05",20279,1,"B",0
"J59","06",14874500,71,"V",NA
"J59","07",2401,2,"B",0
"J59","0701",1945,1,"B",0
"J59","0702",456,1,"B",0
"J60","T",164156485,392,"V",NA
"J60","01",3435856,18,"V",NA
"J60","0101",1732062,3,"B",0
"J60","0102",1703794,15,"D",NA
"J60","02",27133203,128,"V",NA
"J60","03",124717640,223,"V",NA
"J60","0301",21705,1,"B",0
"J60","0302",119759925,184,"V",NA
"J60","0303",4936010,38,"D",NA
"J60","04",7272667,8,"V",NA
"J60","05",66570,2,"B",0
"J60","06",818416,10,"V",NA
"J60","07",712133,3,"D",NA
"J60","0701",24257,1,"B",0
"J60","0702",687876,2,"B",0
"J61","T",209193708,693,"V",NA
"J61","01",6759849,56,"V",NA
"J61","0101",6735750,53,"V",NA
"J61","0102",24099,3,"V",NA
"J61","02",112095,2,"B",0
"J61","03",41184532,193,"V",NA
"J61","0301",747969,5,"D",NA
"J61","0302",7513,1,"B",0
"J61","0303",40429050,187,"V",NA
"J61","04",67803530,288,"V",NA
"J61","05",41964225,94,"V",NA
"J61","06",492640,6,"D",NA
"J61","07",50876837,54,"V",NA
"J61","0701",10752362,30,"V",NA
"J61","0702",40124475,24,"V",NA
"J62","T",426778476,2055,"V",NA
"J62","01",229976,4,"V",NA
"J62","0101",158311,2,"B",0
"J62","0102",71665,2,"B",0
"J62","02",12703927,56,"V",NA
"J62","03",175744115,873,"V",NA
"J62","0301",70687737,472,"V",NA
"J62","0302",31788860,125,"V",NA
"J62","0303",73267518,276,"V",NA
"J62","04",91832354,364,"V",NA
"J62","05",19432968,36,"V",NA
"J62","06",13830420,90,"V",NA
"J62","07",113004716,632,"V",NA
"J62","0701",389053,3,"V",NA
"J62","0702",112615663,629,"V",NA
"J63","T",588422431,2114,"V",NA
"J63","01",17844702,119,"V",NA
"J63","0101",17840448,118,"D",NA
"J63","0102",4254,1,"B",0
"J63","02",447673,1,"B",0
"J63","03",317155634,1243,"V",NA
"J63","0301",87118028,488,"V",NA
"J63","0302",33469743,217,"V",NA
"J63","0303",196567863,538,"V",NA
"J63","04",2380349,10,"V",NA
"J63","05",49421966,25,"V",NA
"J63","06",107051,1,"B",0
"J63","07",201065056,715,"V",NA
"J63","0701",200889207,713,"D",NA
"J63","0702",175849,2,"B",0
"K","T",785722441,3505,"V",NA
"K","01",205666921,910,"V",NA
"K","0101",198525702,863,"V",NA
"K","0102",7141219,47,"V",NA
"K","02",3217851,39,"V",NA
"K","03",209606028,1072,"V",NA
"K","0301",85623161,384,"V",NA
"K","0302",120140324,675,"V",NA
"K","0303",3842543,13,"V",NA
"K","04",47767202,356,"V",NA
"K","05",52722139,271,"V",NA
"K","06",233560494,647,"V",NA
"K","07",33181806,210,"V",NA
"K","0701",31398142,185,"V",NA
"K","0702",1783664,25,"V",NA
"K64","T",306981282,1543,"V",NA
"K64","01",112505877,367,"V",NA
"K64","0101",109493728,338,"V",NA
"K64","0102",3012149,29,"V",NA
"K64","02",1094935,19,"V",NA
"K64","03",103197445,577,"V",NA
"K64","0301",13519,1,"B",0
"K64","0302",102599664,571,"V",NA
"K64","0303",584262,5,"D",NA
"K64","04",44733176,343,"V",NA
"K64","05",43302685,210,"V",NA
"K64","06",298991,1,"B",0
"K64","07",1848173,26,"D",NA
"K64","0701",104702,2,"B",0
"K64","0702",1743471,24,"D",NA
"K65","T",226548855,1229,"V",NA
"K65","01",77401318,451,"V",NA
"K65","0101",73483664,436,"V",NA
"K65","0102",3917654,15,"V",NA
"K65","02",903945,12,"V",NA
"K65","03",103077958,487,"D",NA
"K65","0301",85525935,382,"V",NA
"K65","0302",17481178,102,"D",NA
"K65","0303",70845,3,"B",0
"K65","04",1131571,4,"V",NA
"K65","05",68651,3,"V",NA
"K65","06",12972575,92,"D",NA
"K65","07",30992837,180,"V",NA
"K65","0701",30992837,180,"V",NA
"K66","T",252192304,733,"V",NA
"K66","01",15759726,92,"V",NA
"K66","0101",15548310,89,"V",NA
"K66","0102",211416,3,"V",NA
"K66","02",1218971,8,"V",NA
"K66","03",3330625,8,"B",0
"K66","0301",83707,1,"B",0
"K66","0302",59482,2,"B",0
"K66","0303",3187436,5,"B",0
"K66","04",1902455,9,"V",NA
"K66","05",9350803,58,"V",NA
"K66","06",220288928,554,"V",NA
"K66","07",340796,4,"D",NA
"K66","0701",300603,3,"B",0
"K66","0702",40193,1,"B",0
"L","T",832816944,2571,"V",NA
"L","01",550314304,895,"V",NA
"L","0101",449349923,495,"V",NA
"L","0102",100964381,400,"V",NA
"L","02",7775577,80,"V",NA
"L","03",140900129,631,"V",NA
"L","0301",36429192,162,"V",NA
"L","0302",1359378,11,"V",NA
"L","0303",103111559,458,"V",NA
"L","04",238026,6,"V",NA
"L","05",8988123,39,"V",NA
"L","06",8921714,60,"V",NA
"L","07",115679071,860,"V",NA
"L","0701",47694489,298,"V",NA
"L","0702",67984582,562,"V",NA
"L681","T",290415224,1505,"V",NA
"L681","01",173279438,758,"V",NA
"L681","0101",82579381,387,"V",NA
"L681","0102",90700057,371,"V",NA
"L681","02",1563115,18,"V",NA
"L681","03",31804115,164,"V",NA
"L681","0301",30543856,155,"V",NA
"L681","0302",454834,1,"B",0
"L681","0303",805425,8,"D",NA
"L681","04",143907,3,"V",NA
"L681","05",8311035,34,"V",NA
"L681","06",8601649,56,"V",NA
"L681","07",66711965,472,"V",NA
"L681","0701",25752304,144,"V",NA
"L681","0702",40959661,328,"V",NA
"L682","T",485330726,643,"V",NA
"L682","01",359300362,42,"B",0
"L682","0101",358862397,41,"B",0
"L682","0102",437965,1,"B",0
"L682","02",642278,17,"V",NA
"L682","03",106678860,442,"V",NA
"L682","0301",5882590,6,"B",0
"L682","0302",790998,6,"D",NA
"L682","0303",100005272,430,"V",NA
"L682","04",19729,2,"B",0
"L682","05",53175,3,"D",NA
"L682","06",4901,1,"B",0
"L682","07",18631421,136,"V",NA
"L682","0701",15393902,116,"V",NA
"L682","0702",3237519,20,"V",NA
"L683","T",57070994,423,"V",NA
"L683","01",17734504,95,"D",NA
"L683","0101",7908145,67,"D",NA
"L683","0102",9826359,28,"D",NA
"L683","02",5570184,45,"V",NA
"L683","03",2417154,25,"V",NA
"L683","0301",2746,1,"B",0
"L683","0302",113546,4,"V",NA
"L683","0303",2300862,20,"D",NA
"L683","04",74390,1,"B",0
"L683","05",623913,2,"B",0
"L683","06",315164,3,"B",0
"L683","07",30335685,252,"V",NA
"L683","0701",6548283,38,"V",NA
"L683","0702",23787402,214,"V",NA
"M","T",1361730213,6266,"V",NA
"M","01",108820494,692,"V",NA
"M","0101",42818995,317,"V",NA
"M","0102",66001499,375,"V",NA
"M","02",65741638,397,"V",NA
"M","03",350973927,990,"V",NA
"M","0301",46331069,175,"V",NA
"M","0302",217570874,421,"V",NA
"M","0303",87071984,394,"V",NA
"M","04",286829462,1396,"V",NA
"M","05",166090752,881,"V",NA
"M","06",73463333,443,"V",NA
"M","07",309810607,1467,"V",NA
"M","0701",60824953,126,"V",NA
"M","0702",248985654,1341,"V",NA
"M69","T",147214360,851,"V",NA
"M69","01",80334770,474,"V",NA
"M69","0101",29807500,210,"V",NA
"M69","0102",50527270,264,"V",NA
"M69","02",7441576,55,"V",NA
"M69","03",18110184,137,"V",NA
"M69","0301",370939,3,"D",NA
"M69","0302",17564846,132,"V",NA
"M69","0303",174399,2,"B",0
"M69","04",159457,1,"B",0
"M69","05",38274245,150,"V",NA
"M69","06",344730,3,"D",NA
"M69","07",2549398,31,"V",NA
"M69","0701",2460461,30,"D",NA
"M69","0702",88937,1,"B",0
"M70","T",369564152,1739,"V",NA
"M70","01",4935358,49,"V",NA
"M70","0101",4767986,48,"D",NA
"M70","0102",167372,1,"B",0
"M70","02",27017135,155,"V",NA
"M70","03",39581633,160,"V",NA
"M70","0301",10603046,8,"D",NA
"M70","0302",28963831,149,"V",NA
"M70","0303",14756,3,"B",0
"M70","04",183344583,655,"V",NA
"M70","05",83598390,541,"V",NA
"M70","06",15140541,95,"V",NA
"M70","07",15946512,84,"V",NA
"M70","0701",30735,1,"B",0
"M70","0702",15915777,83,"D",NA
"M71","T",256146518,611,"V",NA
"M71","01",992059,3,"B",0
"M71","0101",955125,2,"B",0
"M71","0102",36934,1,"B",0
"M71","02",6189570,25,"V",NA
"M71","03",177012690,125,"V",NA
"M71","0301",14324182,44,"V",NA
"M71","0302",161089449,69,"V",NA
"M71","0303",1599059,12,"V",NA
"M71","04",59841132,415,"V",NA
"M71","05",202824,3,"D",NA
"M71","07",11908243,40,"V",NA
"M71","0701",11706510,39,"D",NA
"M71","0702",201733,1,"B",0
"M72","T",228760761,1106,"V",NA
"M72","01",1605067,12,"D",NA
"M72","0101",1604620,11,"V",NA
"M72","0102",447,1,"B",0
"M72","02",16970874,73,"V",NA
"M72","03",96580333,413,"V",NA
"M72","0301",16581301,85,"D",NA
"M72","0302",413798,1,"B",0
"M72","0303",79585234,327,"V",NA
"M72","04",31523,1,"B",0
"M72","05",15477306,23,"V",NA
"M72","06",47030029,302,"V",NA
"M72","07",51065629,282,"V",NA
"M72","0702",51065629,282,"V",NA
"M73","T",168336451,666,"V",NA
"M73","01",5752726,40,"V",NA
"M73","0101",226396,5,"V",NA
"M73","0102",5526330,35,"V",NA
"M73","02",2320838,27,"V",NA
"M73","03",13024399,100,"V",NA
"M73","0301",3448730,32,"V",NA
"M73","0302",4003437,22,"V",NA
"M73","0303",5572232,46,"V",NA
"M73","04",2236450,14,"V",NA
"M73","05",1676174,21,"D",NA
"M73","06",767911,4,"D",NA
"M73","07",142557953,460,"V",NA
"M73","0701",43737808,36,"V",NA
"M73","0702",98820145,424,"V",NA
"M74","T",86728202,565,"V",NA
"M74","01",14805517,103,"V",NA
"M74","0101",5262616,36,"V",NA
"M74","0102",9542901,67,"V",NA
"M74","02",2475928,40,"V",NA
"M74","03",5427643,49,"V",NA
"M74","0301",44611,1,"B",0
"M74","0302",5332433,45,"V",NA
"M74","0303",50599,3,"B",0
"M74","04",48643,2,"B",0
"M74","05",26795814,142,"V",NA
"M74","06",911362,3,"B",0
"M74","07",36263295,226,"V",NA
"M74","0701",1395950,4,"B",0
"M74","0702",34867345,222,"D",NA
"M75","T",104979769,728,"V",NA
"M75","01",394997,11,"D",NA
"M75","0101",194752,5,"D",NA
"M75","0102",200245,6,"V",NA
"M75","02",3325717,22,"V",NA
"M75","03",1237045,6,"V",NA
"M75","0301",958260,2,"B",0
"M75","0302",203080,3,"B",0
"M75","0303",75705,1,"B",0
"M75","04",41167674,308,"V",NA
"M75","05",65999,1,"B",0
"M75","06",9268760,36,"V",NA
"M75","07",49519577,344,"V",NA
"M75","0701",1493489,16,"V",NA
"M75","0702",48026088,328,"V",NA
"N","T",1553278837,5389,"V",NA
"N","01",306184873,1249,"V",NA
"N","0101",208222939,887,"V",NA
"N","0102",97961934,362,"V",NA
"N","02",100736747,505,"V",NA
"N","03",685408292,2072,"V",NA
"N","0301",86580257,416,"V",NA
"N","0302",381155083,710,"V",NA
"N","0303",217672952,946,"V",NA
"N","04",53209066,235,"V",NA
"N","05",175472803,500,"V",NA
"N","06",115780306,412,"V",NA
"N","07",116486750,416,"V",NA
"N","0701",40255692,267,"V",NA
"N","0702",76231058,149,"V",NA
"N77","T",474576450,1059,"V",NA
"N77","01",5837871,16,"D",NA
"N77","0101",845938,12,"D",NA
"N77","0102",4991933,4,"B",0
"N77","02",47226493,265,"V",NA
"N77","03",288016405,613,"V",NA
"N77","0301",22609757,118,"V",NA
"N77","0302",247643537,358,"V",NA
"N77","0303",17763111,137,"V",NA
"N77","04",569128,7,"V",NA
"N77","05",338371,1,"B",0
"N77","06",64072026,59,"V",NA
"N77","07",68516156,98,"V",NA
"N77","0701",4226023,19,"V",NA
"N77","0702",64290133,79,"V",NA
"N78","T",127949002,607,"V",NA
"N78","01",9675219,63,"V",NA
"N78","0101",8243314,53,"V",NA
"N78","0102",1431905,10,"V",NA
"N78","02",5783457,40,"V",NA
"N78","03",108542398,472,"V",NA
"N78","0301",56801893,246,"V",NA
"N78","0302",21391945,91,"V",NA
"N78","0303",30348560,135,"V",NA
"N78","04",183013,5,"D",NA
"N78","05",131555,2,"B",0
"N78","07",3633360,25,"D",NA
"N78","0701",3449447,22,"V",NA
"N78","0702",183913,3,"D",NA
"N79","T",201756113,960,"V",NA
"N79","01",94654092,514,"V",NA
"N79","0101",88179696,480,"V",NA
"N79","0102",6474396,34,"V",NA
"N79","02",2702133,6,"D",NA
"N79","03",67114231,215,"V",NA
"N79","0301",132278,2,"B",0
"N79","0302",30464203,114,"D",NA
"N79","0303",36517750,99,"V",NA
"N79","04",21049653,100,"V",NA
"N79","05",10652017,59,"V",NA
"N79","06",3636283,35,"V",NA
"N79","07",1947704,31,"D",NA
"N79","0701",279673,2,"B",0
"N79","0702",1668031,29,"D",NA
"N80","T",96467623,397,"V",NA
"N80","01",71145301,249,"V",NA
"N80","0101",9002566,56,"V",NA
"N80","0102",62142735,193,"V",NA
"N80","02",14185,1,"B",0
"N80","03",8228565,50,"V",NA
"N80","0301",1559651,18,"D",NA
"N80","0302",6646259,31,"V",NA
"N80","0303",22655,1,"B",0
"N80","04",7325216,9,"V",NA
"N80","05",729970,3,"B",0
"N80","06",7924537,83,"V",NA
"N80","07",1099849,2,"B",0
"N80","0701",1099849,2,"B",0
"N81","T",574392740,1930,"V",NA
"N81","01",124095020,404,"V",NA
"N81","0101",101176872,284,"V",NA
"N81","0102",22918148,120,"V",NA
"N81","02",35242944,138,"V",NA
"N81","03",211848387,713,"V",NA
"N81","0301",4093076,27,"V",NA
"N81","0302",74967403,115,"V",NA
"N81","0303",132787908,571,"V",NA
"N81","04",23971847,113,"V",NA
"N81","05",163389370,431,"V",NA
"N81","06",7923770,69,"V",NA
"N81","07",7921402,62,"V",NA
"N81","0701",5605693,42,"V",NA
"N81","0702",2315709,20,"V",NA
"N82","T",78136909,436,"V",NA
"N82","01",777370,3,"B",0
"N82","0101",774553,2,"B",0
"N82","0102",2817,1,"B",0
"N82","02",9767535,55,"V",NA
"N82","03",1658306,9,"V",NA
"N82","0301",1383602,5,"V",NA
"N82","0302",41736,1,"B",0
"N82","0303",232968,3,"D",NA
"N82","04",110209,1,"B",0
"N82","05",231520,4,"V",NA
"N82","06",32223690,166,"V",NA
"N82","07",33368279,198,"V",NA
"N82","0701",25595007,180,"V",NA
"N82","0702",7773272,18,"V",NA
"P","T",1528563497,6202,"V",NA
"P","01",344705120,1323,"V",NA
"P","0101",11648909,64,"V",NA
"P","0102",333056211,1259,"V",NA
"P","02",107751422,432,"V",NA
"P","03",519464445,2232,"V",NA
"P","0301",149674690,779,"V",NA
"P","0302",3101886,27,"V",NA
"P","0303",366687869,1426,"V",NA
"P","04",62597739,314,"V",NA
"P","05",5677515,43,"V",NA
"P","06",223689519,844,"V",NA
"P","07",264677737,1014,"V",NA
"P","0701",157036739,446,"V",NA
"P","0702",107640998,568,"V",NA
"P851","T",302082201,1260,"V",NA
"P851","01",149960677,450,"V",NA
"P851","0101",486313,4,"V",NA
"P851","0102",149474364,446,"V",NA
"P851","02",44923525,211,"V",NA
"P851","03",19043273,145,"V",NA
"P851","0301",594568,6,"V",NA
"P851","0302",1469869,10,"V",NA
"P851","0303",16978836,129,"V",NA
"P851","04",172626,4,"D",NA
"P851","05",169563,7,"D",NA
"P851","06",30637537,153,"V",NA
"P851","07",57175000,290,"V",NA
"P851","0701",31428,1,"B",0
"P851","0702",57143572,289,"D",NA
"P853","T",244615871,829,"V",NA
"P853","01",17905494,56,"V",NA
"P853","0101",400079,8,"V",NA
"P853","0102",17505415,48,"V",NA
"P853","02",3075163,19,"V",NA
"P853","03",180719308,702,"V",NA
"P853","0301",19420506,73,"V",NA
"P853","0302",840526,11,"V",NA
"P853","0303",160458276,618,"V",NA
"P853","04",728925,2,"B",0
"P853","05",179711,1,"B",0
"P853","06",1903353,23,"V",NA
"P853","07",40103917,26,"V",NA
"P853","0701",40103917,26,"V",NA
"P854","T",385658333,1535,"V",NA
"P854","01",91333139,541,"V",NA
"P854","0101",321,1,"B",0
"P854","0102",91332818,540,"D",NA
"P854","02",4592727,30,"V",NA
"P854","03",146656983,473,"V",NA
"P854","0301",1160686,6,"D",NA
"P854","0302",483500,3,"B",0
"P854","0303",145012797,464,"V",NA
"P854","04",37000272,98,"V",NA
"P854","05",617190,2,"B",0
"P854","06",3433596,31,"D",NA
"P854","07",102024426,360,"V",NA
"P854","0701",101969363,358,"D",NA
"P854","0702",55063,2,"B",0
"P855","T",324530978,1208,"V",NA
"P855","01",72553238,215,"V",NA
"P855","0101",85817,1,"B",0
"P855","0102",72467421,214,"D",NA
"P855","02",2490449,16,"V",NA
"P855","03",6733920,35,"V",NA
"P855","0301",26131,1,"B",0
"P855","0302",196879,2,"B",0
"P855","0303",6510910,32,"D",NA
"P855","04",531228,6,"V",NA
"P855","05",4575997,30,"V",NA
"P855","06",187203841,630,"V",NA
"P855","07",50442305,276,"V",NA
"P855","0702",50442305,276,"V",NA
"P856","T",271676114,1370,"V",NA
"P856","01",12952572,61,"V",NA
"P856","0101",10676379,50,"V",NA
"P856","0102",2276193,11,"V",NA
"P856","02",52669558,156,"V",NA
"P856","03",166310961,877,"V",NA
"P856","0301",128472799,693,"V",NA
"P856","0302",111112,1,"B",0
"P856","0303",37727050,183,"D",NA
"P856","04",24164688,204,"V",NA
"P856","05",135054,3,"D",NA
"P856","06",511192,7,"D",NA
"P856","07",14932089,62,"V",NA
"P856","0701",14932031,61,"D",NA
"P856","0702",58,1,"B",0
"Q","T",732244628,2584,"V",NA
"Q","01",39057791,260,"V",NA
"Q","0101",31794301,212,"V",NA
"Q","0102",7263490,48,"V",NA
"Q","02",182723179,974,"V",NA
"Q","03",445306234,1139,"V",NA
"Q","0301",154613297,222,"V",NA
"Q","0302",33921370,103,"V",NA
"Q","0303",256771567,814,"V",NA
"Q","04",14340798,74,"V",NA
"Q","05",477943,4,"V",NA
"Q","06",4660469,42,"V",NA
"Q","07",45678214,91,"V",NA
"Q","0701",45250423,82,"V",NA
"Q","0702",427791,9,"V",NA
"Q86","T",306361798,865,"V",NA
"Q86","01",3126329,3,"B",0
"Q86","0101",9781,1,"B",0
"Q86","0102",3116548,2,"B",0
"Q86","02",71013139,429,"V",NA
"Q86","03",229166317,404,"V",NA
"Q86","0301",146366285,150,"V",NA
"Q86","0302",22052473,1,"B",0
"Q86","0303",60747559,253,"D",NA
"Q86","04",2162988,17,"V",NA
"Q86","05",318124,2,"B",0
"Q86","06",353195,7,"D",NA
"Q86","07",221706,3,"D",NA
"Q86","0701",157359,1,"B",0
"Q86","0702",64347,2,"B",0
"Q87","T",217054574,716,"V",NA
"Q87","01",7904429,73,"D",NA
"Q87","0101",4293495,31,"D",NA
"Q87","0102",3610934,42,"D",NA
"Q87","02",1010291,8,"V",NA
"Q87","03",198640734,601,"V",NA
"Q87","0301",528810,8,"V",NA
"Q87","0302",2404025,34,"V",NA
"Q87","0303",195707899,559,"V",NA
"Q87","04",6873972,23,"V",NA
"Q87","05",5286,1,"B",0
"Q87","06",2397404,7,"V",NA
"Q87","07",222458,3,"B",0
"Q87","0701",66482,2,"B",0
"Q87","0702",155976,1,"B",0
"Q88","T",208828256,1003,"V",NA
"Q88","01",28027033,184,"V",NA
"Q88","0101",27491025,180,"V",NA
"Q88","0102",536008,4,"V",NA
"Q88","02",110699749,537,"V",NA
"Q88","03",17499183,134,"V",NA
"Q88","0301",7718202,64,"V",NA
"Q88","0302",9464872,68,"D",NA
"Q88","0303",316109,2,"B",0
"Q88","04",5303838,34,"V",NA
"Q88","05",154533,1,"B",0
"Q88","06",1909870,28,"D",NA
"Q88","07",45234050,85,"V",NA
"Q88","0701",45026582,79,"D",NA
"Q88","0702",207468,6,"B",0
"R","T",991501712,2911,"V",NA
"R","01",319551844,512,"V",NA
"R","0101",277933116,300,"V",NA
"R","0102",41618728,212,"V",NA
"R","02",5243281,13,"V",NA
"R","03",93225229,482,"V",NA
"R","0301",29084511,157,"V",NA
"R","0302",5265097,32,"V",NA
"R","0303",58875621,293,"V",NA
"R","04",263064546,734,"V",NA
"R","05",174441888,715,"V",NA
"R","06",35358826,78,"V",NA
"R","07",100616098,377,"V",NA
"R","0701",100138269,372,"V",NA
"R","0702",477829,5,"V",NA
"R90","T",237027173,613,"V",NA
"R90","01",32293880,192,"V",NA
"R90","0101",31954696,190,"D",NA
"R90","0102",339184,2,"B",0
"R90","02",111180,2,"B",0
"R90","03",28899286,129,"V",NA
"R90","0301",10307325,87,"V",NA
"R90","0302",3892128,11,"V",NA
"R90","0303",14699833,31,"V",NA
"R90","04",174265073,279,"V",NA
"R90","05",359619,4,"V",NA
"R90","06",271700,5,"V",NA
"R90","07",826435,2,"B",0
"R90","0701",598890,1,"B",0
"R90","0702",227545,1,"B",0
"R91","T",489705654,1109,"V",NA
"R91","01",235549657,118,"B",0
"R91","0101",229489217,35,"B",0
"R91","0102",6060440,83,"V",NA
"R91","02",557291,8,"V",NA
"R91","03",15395978,65,"V",NA
"R91","0301",11552866,48,"V",NA
"R91","0302",104024,2,"B",0
"R91","0303",3739088,15,"D",NA
"R91","04",37499565,171,"V",NA
"R91","05",165632943,676,"V",NA
"R91","06",34948552,69,"V",NA
"R91","07",121668,2,"B",0
"R91","0701",87667,1,"B",0
"R91","0702",34001,1,"B",0
"R92","T",206921138,988,"V",NA
"R92","01",37007169,157,"V",NA
"R92","0101",5845524,54,"V",NA
"R92","0102",31161645,103,"V",NA
"R92","02",26953,2,"B",0
"R92","03",42759186,268,"V",NA
"R92","0301",1251997,4,"V",NA
"R92","0302",1255848,18,"V",NA
"R92","0303",40251341,246,"V",NA
"R92","04",41568319,260,"V",NA
"R92","05",6346319,16,"V",NA
"R92","06",136802,3,"D",NA
"R92","07",79076390,282,"V",NA
"R92","0701",79076390,282,"V",NA
"R93","T",57847747,201,"V",NA
"R93","01",14701138,45,"D",NA
"R93","0101",10643679,21,"V",NA
"R93","0102",4057459,24,"D",NA
"R93","02",4547857,1,"B",0
"R93","03",6170779,20,"V",NA
"R93","0301",5972323,18,"V",NA
"R93","0302",13097,1,"B",0
"R93","0303",185359,1,"B",0
"R93","04",9731589,24,"V",NA
"R93","05",2103007,19,"V",NA
"R93","06",1772,1,"B",0
"R93","07",20591605,91,"V",NA
"R93","0701",20375322,88,"V",NA
"R93","0702",216283,3,"V",NA
"S","T",916066229,2951,"V",NA
"S","01",126665270,493,"V",NA
"S","0101",77380894,275,"V",NA
"S","0102",49284376,218,"V",NA
"S","02",89552082,382,"V",NA
"S","03",340514068,1175,"V",NA
"S","0301",239870672,582,"V",NA
"S","0302",60040817,359,"V",NA
"S","0303",40602579,234,"V",NA
"S","04",45648572,132,"V",NA
"S","05",270635674,542,"V",NA
"S","06",5219249,22,"V",NA
"S","07",37831314,205,"V",NA
"S","0701",34438815,176,"V",NA
"S","0702",3392499,29,"V",NA
"S94","T",175375746,942,"V",NA
"S94","01",14688012,56,"V",NA
"S94","0101",596612,6,"D",NA
"S94","0102",14091400,50,"D",NA
"S94","02",3847507,35,"V",NA
"S94","03",152840755,815,"V",NA
"S94","0301",100118595,495,"V",NA
"S94","0302",47432288,265,"V",NA
"S94","0303",5289872,55,"V",NA
"S94","04",342446,3,"B",0
"S94","05",95022,1,"B",0
"S94","06",157922,2,"B",0
"S94","07",3404082,30,"D",NA
"S94","0701",11583,1,"B",0
"S94","0702",3392499,29,"V",NA
"S95","T",461008309,1270,"V",NA
"S95","01",110981247,425,"V",NA
"S95","0101",76511927,267,"V",NA
"S95","0102",34469320,158,"V",NA
"S95","02",12443908,72,"V",NA
"S95","03",46721437,242,"V",NA
"S95","0301",10997027,62,"D",NA
"S95","0302",602853,3,"B",0
"S95","0303",35121557,177,"D",NA
"S95","04",23193315,23,"V",NA
"S95","05",266477743,501,"V",NA
"S95","06",1167321,6,"D",NA
"S95","07",23338,1,"B",0
"S95","0701",23338,1,"B",0
"S96","T",279682174,739,"V",NA
"S96","01",996011,12,"V",NA
"S96","0101",272355,2,"B",0
"S96","0102",723656,10,"D",NA
"S96","02",73260667,275,"V",NA
"S96","03",140951876,118,"V",NA
"S96","0301",128755050,25,"B",0
"S96","0302",12005676,91,"D",NA
"S96","0303",191150,2,"B",0
"S96","04",22112811,106,"D",NA
"S96","05",4062909,40,"D",NA
"S96","06",3894006,14,"V",NA
"S96","07",34403894,174,"V",NA
"S96","0701",34403894,174,"V",NA
